data,accuracy
Train,0.5242938814884169
Test,0.5225700351593513
Competition,0.5813333333333334
