data,accuracy
Train,0.7587679324894515
Test,0.7577721518987341
Competition,0.8250666666666666
