data,accuracy
Train,0.5712360443177144
Test,0.5720766700691845
Competition,0.624
