data,loss
Train,0.24605809
Test,0.246065
Competition,0.24508537
