data,loss
Train,0.24670456
Test,0.24688025
Competition,0.24126312
