data,loss
Train,0.1819166
Test,0.18185116
Competition,0.14495066
